1.0,1.0,1.0,1.0
1.0,1.0,1.0,1.0
1.0,1.0,1.0,1.0
1.0,1.0,1.0,1.0
1.0,1.0,1.0,1.0
1.0,1.0,1.0,1.0
1.0,1.0,1.0,1.0
1.0,1.0,1.0,1.0
1.0,1.0,1.0,1.0
1.0,1.0,1.0,1.0
1.0,1.0,1.0,1.0
1.0,1.0,1.0,1.0
1.0,1.0,1.0,1.0
1.0,1.0,1.0,1.0
1.0,1.0,1.0,1.0
1.0,1.0,1.0,1.0
1.0,1.0,1.0,1.0
1.0,1.0,1.0,1.0
1.0,1.0,1.0,1.0
1.0,1.0,1.0,1.0
1.0,1.0,1.0,1.0
1.0,1.0,1.0,1.0
1.0,1.0,1.0,1.0
1.0,1.0,1.0,1.0
1.0,1.0,1.0,1.0
1.0,1.0,1.0,1.0
1.0,1.0,1.0,1.0
1.0,1.0,1.0,1.0
1.0,1.0,1.0,1.0
1.0,1.0,1.0,1.0
1.0,1.0,1.0,1.0
1.0,1.0,1.0,1.0
1.0,1.0,1.0,1.0
1.0,1.0,1.0,1.0
1.0,1.0,1.0,1.0
1.0,1.0,1.0,1.0
1.0,1.0,1.0,1.0
1.0,1.0,1.0,1.0
1.0,1.0,1.0,1.0
1.0,1.0,1.0,1.0
1.0,1.0,1.0,1.0
1.0,1.0,1.0,1.0
1.0,1.0,1.0,1.0
1.0,1.0,1.0,1.0
1.0,1.0,1.0,1.0
1.0,1.0,1.0,1.0
1.0,1.0,1.0,1.0
1.0,1.0,1.0,1.0
1.0,1.0,1.0,1.0
1.0,1.0,1.0,1.0
1.0,1.0,1.0,1.0
1.0,1.0,1.0,1.0
5.411700678756185e-85,1.0,2.253936142755596e-84,1.0000000000000002
1.0,1.0,3.720393277751465e-120,407.1941135041284
182.8867242983419,144.08937609253672,151.76987111086387,700.2552400650109
695.384467682646,699.6632296888919,695.2917395532724,701.6056067768584
697.3861427758937,698.4542729410817,683.3456513899101,701.6674316926983
697.910326886222,687.2587450572739,697.4323601081129,701.7337402514102
698.4089053732748,694.46193073616,698.8968909750463,701.7830852221167
700.7750240242677,689.9181575774423,696.9163203066477,701.8409598945553
695.7381696786285,699.1704604094717,694.7598190060827,701.9053374585683
701.2808740287635,699.7076910905322,699.2807378917324,701.9769338841884
700.6249193025532,698.8681603066638,694.9942803640793,702.0600120208915
699.5758199470881,698.5842949063198,688.7791128885294,702.1518290300489
696.8816842430859,699.4194550317877,698.929741827079,702.2499311774891
694.6288724183721,697.1082060924317,687.4491107735239,702.3530457417677
695.6390291084415,698.4787685247554,698.9972361038415,702.4641425064217
698.8842286474313,698.9774084047241,691.8168904800374,702.586758033694
699.0388659832884,687.8777959588552,695.0368098704807,702.7198714323688
699.6585199504776,698.6939941716068,695.5295766997879,702.8617273729278
698.1248660859022,697.3897976213412,699.2619550042208,703.0126431987832
700.3328272320819,698.6669587455417,694.1005053875087,703.1731506711615
697.2923356828485,693.4633108093642,692.4859380012107,703.3430181178492
700.632150029613,692.3076199348516,699.731992195652,703.5207666932923
694.6568046608613,700.9459428195445,700.252525560527,703.7053324043807
700.482294710272,699.0082535872863,701.3011719815246,703.8979869162296
701.1955192858261,699.7687635551188,700.5229999658854,704.1058843853278
700.8385772600469,701.7379114914928,699.7357056537041,704.338570104921
701.288470412443,697.7528243384106,700.9168426644371,704.572891121102
701.1965366767338,700.1671591697946,700.6395695930872,704.7942597362111
701.4816394321464,696.186226568092,698.0079880895476,705.0524842784712
700.7329299845344,700.3796182343909,701.6148389238933,705.3226705288259
697.9050569034235,699.271894733637,697.7302283382714,705.6064030090855
701.8457967095121,701.0899630853385,700.6502884465472,705.9063839726676
701.8926867075281,700.6900672222908,697.6990823919424,706.2238958458602
703.7012832413122,701.9294834677332,699.6768431727025,706.5592573556036
701.4518549069717,697.4158878958599,699.209232578313,706.9132238447797
697.7899240731507,697.9175050301141,700.4543291131481,707.2855956633014
700.7690055900482,686.869768847632,702.804737927719,707.6738460190184
700.2464542358971,699.9437823729647,701.1988586707331,708.0756341879447
696.4548757134455,708.4920469655109,700.136371584033,700.6261577206146
1.0,1.0,1.0,1.0
3.3534383162003156e-25,1.0,1.225280161540052e-21,1.0
1.0,1.0,8.347737869030977e-35,1.0
1.0,1.0,2.8632740890776244e-35,1.0
1.0,1.0,4.812304761512762e-36,1.0
1.0,1.1871618232294462e-23,9.472633233748243e-27,1.0
1.0,1.0,5.12630076274397e-32,1.0
1.0,1.0,9.821030125536251e-36,1.0
1.0,1.0,6.874721087875375e-36,1.0
1.0,1.0,4.071965053676999e-24,1.9952628763017294e-24
1.0,1.0,1.0,1.0
1.0,1.0,1.0,1.0
1.1194899799642126e-117,1.0,1.0,1.0
1.0,158.15253465848423,1.0,1.0
51.78301226519751,85.92616035397236,521.7027179373439,700.9964052482086
697.2032775696357,685.5770559029113,701.5533050268509,693.8535003405342
1.0,1.0,1.0,1.0
1.0,1.0,1.0,1.0
1.0,1.0,1.0,1.0
1.0,1.0,1.0,1.0
1.0,1.0,1.0,1.0
1.0,1.0,1.0,1.0
1.0,1.0,1.0,1.0
1.0,1.0,1.0,1.0
1.0,1.0,1.0,1.0
1.0,1.0,1.0,1.0
1.0,1.0,1.0,1.0
1.0,1.0,1.0,1.0
1.0,1.0,1.0,1.0
1.0,1.0,1.0,1.0
1.0,1.0,1.0,1.0
1.0,1.0,1.0,1.0
1.0,1.0,1.0,1.0
1.0,1.0,1.0,1.0
1.0,1.0,1.0,1.0
1.0,1.0,1.0,1.0
1.0,1.0,1.0,1.0
1.0,1.0,1.0,1.0
1.0,1.0,1.0,1.0
1.0,1.0,1.0,1.0
1.0,1.0,1.0,1.0
1.0,1.0,1.0,1.0
1.0,1.0,1.0,1.0
1.0,1.0,1.0,1.0
1.0,1.0,1.0,1.0
1.0,1.0,1.0,1.0
1.0,1.0,1.0,1.0
25.515309611556702,14.848867843710561,703.5868884958136,157.75356515984234
422.1612678957031,9.651719617724144,481.11004721182405,697.654723879789
547.798465327164,509.5219783188029,388.80419962087154,704.1660376901408
700.9876734115129,708.9262837368653,703.0050588831984,702.6075135512322
1.0,1.0,1.0,1.0
7.592632222157823e-41,1.0,1.0,1.0
1.0,1.0,1.0,1.0
1.0,1.0,1.0,1.0
1.0,1.0,1.0,2.1350690390437193e-31
1.0,1.0,1.0,1.0
7.836422510936574e-39,1.0,1.0,1.0
1.0,1.0,1.0,1.0
1.0,1.0,1.0,1.0
1.0,1.0,1.0,4.090391555825178e-35
1.0,1.0,1.0,1.0
1.0,1.0,1.0,1.0
2.7000587366378277e-129,1.0,1.0,22.800415881268798
1.0,357.71597318324257,1.0,1.0
1.0,207.61178767113,697.390288830754,445.2016856034287
687.5576414284606,690.7132380932492,701.5056030465329,695.7450418472532
1.0,1.0,1.0,1.0
0.019773267429999988,1.0,9.387480337647739e-05,1.0
1.0,1.0,4.5998653654473914e-05,88.30005816207526
12.725768378623235,368.93601072945864,242.14655822359288,720.3704125917508
696.3893796557534,772.8320455263292,752.1844445513162,724.2929548488728
771.7512882463567,756.2221134547835,747.612463079464,756.9747380111469
770.8740981641322,732.4117963238642,731.2750340665727,735.0729677114134
769.5227221390263,750.4317938977536,721.489389923196,726.1280792827949
768.5788756124725,723.1983315612779,747.3135989699097,743.0803534467134
767.3756649768992,719.3314593364752,735.1972630974885,721.8850672440299
766.1721258395426,728.886135056873,739.7473235005,710.3201331031102
765.0176553632906,721.6655433730486,716.3442683860812,720.0554174184131
763.8564606921282,716.6702518899228,731.2878334423948,737.9585154501954
762.7102428981799,731.4591401624638,737.1971481979184,727.173762239484
761.7493446354279,724.7050210945714,736.0245890022492,740.4725435848002
760.6047130298514,736.976497478215,736.6166566917029,728.4627459429031
759.3693756560984,733.6044531765441,735.9758272006377,721.354598510095
758.0690051786764,729.7404742283882,743.9973071338572,732.5157196986747
756.9612835353742,709.1546684840458,733.9713958929852,729.6770191021267
755.6527932639721,732.6034129425506,719.7422666959828,716.2245270482332
754.4011796220711,709.6852426443374,717.5007404608879,723.5341720290629
753.1818642476538,723.3486525158702,731.3376550723814,726.365081457095
751.9440452706447,722.3226454373579,717.744481892152,720.5820851963708
750.7375147243744,722.0322148706249,727.1428370384558,733.0311641553049
749.6448728662576,721.598710277241,721.6620212077994,715.9303119753043
748.502661081749,719.0765538090875,710.1596540400843,714.4655789557677
747.2748920764595,718.7884127354631,724.6863359456474,715.9310481821651
736.2920452723438,253.66239853924458,282.69750609766436,156.1731779313355
623.3302888950502,1.0,3.6869458712763895e-19,1.0
153.370603287285,1.0,7.031676478883521e-12,8.272697060641671e-13
1.0,1.0,1.0,1.0
1.9507262333184492e-48,113.24092140393398,1.0,1.0
46.832547121573675,1.0,1.0,1.0
5.531639084082699,690.9742100365268,274.00452582741843,338.769745998238
674.6729838066593,709.3789859222151,702.275936842482,702.1962806948865
1.0,1.0,1.0,1.0
3.368613333058933e-36,1.0,1.0,1.0
1.0,1.0,1.0,1.0
1.0,1.0,1.0,1.0
1.0,1.0,1.0,1.599269900191138e-38
1.0,1.0,1.0,1.0
1.1554343732392137e-36,1.0,1.0,1.0
1.0,1.0,1.0,1.0
1.0,1.0,1.0,1.0
1.0,1.0,1.0,2.59254105619709e-30
1.0,1.0,1.0,1.0
1.0,1.0,1.0,1.0
1.5013128821582436e-121,1.0,1.0,1.0
1.0,121.4365063792467,72.05048069392075,557.8918092445234
266.73397438489457,700.6044415777806,319.643831186997,366.4642736687946
694.2883522405631,696.3999628494148,701.4612821556161,692.4657251814269
1.0,1.0,1.0,1.0
0.00013410686196639628,1.0,1.0,1.0
1.0,151.42673979228456,1.0,448.87274043294434
246.60829575815836,725.3580906017892,246.62703899594146,359.60818614566085
712.1409092913166,773.874720769938,707.3817833650629,748.3272100681534
1.0,1.0,1.0,1.0
1.0,1.0,1.0,1.0
1.0,1.0,1.0,1.0
1.0,1.0,1.0,1.0
1.0,1.0,1.0,1.0
1.0,1.0,1.0,1.0
1.0,1.0,1.0,1.0
1.0,1.0,1.0,1.0
1.0,1.0,1.0,1.0
1.0,1.0,1.0,1.0
1.0,1.0,1.0,1.0
1.0,1.0,1.0,1.0
1.0,1.0,1.0,1.0
1.0,1.0,1.0,1.0
1.0,1.0,1.0,1.0
1.0,1.0,1.0,1.0
1.0,1.0,1.0,1.0
1.0,1.0,1.0,1.0
1.0,1.0,1.0,1.0
1.0,1.0,1.0,1.0
1.0,1.0,1.0,1.0
716.5211429105298,698.3476542504911,745.994694618207,711.1905944155918
744.6198851306178,722.8411815633134,716.7102471413541,704.9845659891928
30.999999999999662,712.1487816050374,265.6621348057965,3.2159857686314473
1.0,1.0,29.601195537071597,5.4361846697262924e-17
1.0,1.0,1.0,1.0
0.5034971544534145,1.0000000000000027,1.0,213.2953734056501
1.000000000000001,343.1499620412275,1.0058154789314413,1.0
168.987375178909,304.5299184418561,196.39117566919901,705.1567652870858
700.508947672126,709.8466565595938,704.0122732557805,703.4027997209271
1.0,1.0,1.0,1.0
9.821030125536251e-36,1.0,1.0,1.0
1.0,1.0,1.0,1.0
1.0,1.0,1.0,1.0
1.0,1.0,1.0,1.650620533198877e-36
1.0,1.0,1.0,1.0
6.031041584360651e-33,1.0,1.0,1.0
1.0,1.0,1.0,1.0
1.0,1.0,1.0,1.0
1.0,1.0,1.0,4.812304761512762e-36
1.0,1.0,1.0,1.0
1.0,1.0,1.0,1.0
8.385521010244408e-125,1.0,1.0,539.5237692637627
310.2930198231612,266.69449314865614,297.5795952225702,700.0432699680597
695.2751647225609,696.0444253698342,691.9445213242703,701.3930148622715
698.2806664487834,677.5502111382292,701.4284197136757,697.3599412672723
1.0,1.0,1.0,1.0
0.001139889518537313,1.0,1.0,1.0
1.0,1.0,1.0,571.7088785341168
214.06193422196864,488.64716451737496,441.8971081598071,745.5910033109827
713.7101033044698,774.8917194889344,724.9137160247093,726.1795952446685
1.0,1.0,1.0,1.0
0.3429999999999999,0.48999999999999994,0.08235429999999996,1.0
1.0,0.3429999999999999,0.05764800999999997,1.0
1.0,0.24009999999999992,0.11764899999999995,1.0
1.0,0.24009999999999992,0.24009999999999992,310.1651011115117
115.2955659364191,583.863078281001,496.93164921072,773.9644235491918
721.1496003566483,752.0483505981636,748.2322759002228,785.2041483570496
725.7605078405007,740.8429311902488,761.4957730411036,786.0271169180463
745.4550059369878,734.1100097162505,763.3020157695794,786.4326325044752
734.0686408354325,722.124335839522,769.6715602760813,787.3508221844214
767.8348203430755,769.9740850107821,756.7646622716808,788.0203876937296
751.1507666574803,745.7115703444853,735.3308787919228,788.6514459370361
721.0971272265173,756.7094045825289,773.3344905166963,789.2618440040958
764.5446929702649,772.6616241478932,759.9077513928962,789.8630664482422
763.1848830746897,756.6661977711083,733.9148965763745,790.4434822392832
774.72675996853,790.9924133621923,759.0847884648737,735.9997779091387
766.8036662131142,333.50546986069673,180.74282377945184,5.30452605201053
327.2676938838627,1.0,0.48999999999999994,1.0
1.0,1.0,0.7,1.0
1.0,1.0,0.48999999999999994,0.7
1.0,1.0,1.0,1.0
571.2662049674484,482.2112466535759,717.881104702372,463.52638141756677
706.5454933061674,723.9574554678779,743.6237296386926,720.6190326137688
734.131093961499,299.05099860089047,494.21189660624873,150.95136678644675
320.0315192529983,1.0,1.0,51.62622051628932
1.0,1.0,1.0,1.0
5.149498356724205e-43,1.0,11.66621611262687,1.0
1.0,450.0325832050586,1.0,1.0
1.0,304.5328685023225,203.78761537341745,693.9777059146154
668.8468637001733,710.4260733969086,702.4300934887831,699.2879003480533
1.0,1.0,1.0,1.0
3.4767754556563844e-34,1.0,1.0,1.0
1.0,1.0,1.0,1.0
1.0,1.0,1.0,1.0
1.0,1.0,1.0,5.4854957576556016e-39
1.0,1.0,1.0,1.0
7.095460113584458e-34,1.0,1.0,1.0
1.0,1.0,1.0,1.0
1.0,1.0,1.0,1.0
1.0,1.0,1.0,5.843416508321683e-35
1.0,1.0,1.0,1.0
1.0,1.0,1.0,1.0
4.396812361897941e-132,1.0,126.87903192339574,1.0
10.92388145241999,189.26808022250387,276.03381059947566,684.3941840596699
652.1005021589024,692.8604044724586,701.3458261382337,689.8882474747454
699.0962424138884,549.3922113292847,495.61028832459783,423.18976559397913
1.0,1.0,1.0,1.0
5.4116956037952e-06,1.0,1.0,1.0
1.0,1.0,271.7360044204994,1.0
121.8182002813814,266.2788516345248,287.52477204339755,721.2525501641243
706.8999271926932,775.8885785048276,736.3472143923071,707.4957652919484
1.0,1.0,1.0,1.0
1.0,1.0,1.0,1.0
1.0,1.0,1.0,1.0
1.0,1.0,1.0,1.0
1.0,1.0,1.0,1.0
751.6787752485715,761.580962627587,755.829995205907,782.8788680843759
769.0250303603333,711.3299623537862,783.7993426137463,730.4896268461403
526.0528436900063,354.2810850974265,763.9303510102236,491.114104113791
490.1559620159511,596.4985041961502,405.24477212656245,765.4552838296299
492.9839074418039,453.02716660219716,777.5751900386063,476.2308375595878
1.0,1.0,1.0,1.0
1.0,1.0,1.0,1.0
1.0,1.0,1.0,1.0
1.0,1.0,1.0,1.0
1.0,1.0,1.0,1.0
742.9838176606975,791.5177219796608,748.078868112973,718.564265572748
749.0954880946738,236.9104966588814,429.88277254966863,38.303569795514996
1.0,1.0,144.6309930053311,1.0
1.0,1.0,1.0,1.0
1.0,1.0,1.0,0.48999999999999994
1.0,1.0,1.0,1.0
87.41245079772423,470.52101069750825,712.4216754588335,121.28819681107218
703.1224759350148,719.8997162935368,742.554120430114,703.0699116374701
718.1846257858965,351.4721278769143,277.49791120421554,31.241394440017714
1.0,1.0,150.0602598032881,3.036358463668571e-20
1.0,1.0,1.0,1.0
1.7662779363564022e-43,1.0,1.0,1.0000000000003204
1.0,551.2583737761768,1.0,1.0
114.35052695329972,32.84624765379501,253.24997089027863,702.1828805639334
695.2435179597811,710.7647393851533,704.900904942016,702.4491844554907
1.0,1.0,1.0,1.0
1.403004303648036e-35,1.0,1.0,1.0
1.0,1.0,1.0,1.0
1.0,1.0,1.0,1.0
1.0,1.0,1.0,9.515498900405416e-38
1.0,1.0,1.0,1.0
2.433742818959469e-34,1.0,1.0,1.0
1.0,1.0,1.0,1.0
1.0,1.0,1.0,1.0
1.0,1.0,1.0,1.599269900191138e-38
1.0,1.0,1.0,1.0
1.0,1.0,1.0,1.0
1.0556746480916954e-132,86.03134619846409,1.0,1.0
12.000479377502705,312.4121887773488,220.6720654117211,680.092605811473
645.2087130607299,694.6001661456883,701.3126151448382,689.1217667877008
698.5894077852273,488.1985868201607,166.65928232722277,263.60701989510204
1.0,1.0,1.0,1.0
0.006782230728489994,1.0,1.0,1.0
1.0,1.0,1.0,232.15058405986198
36.84825524584344,72.54016020481626,401.223979884806,740.1079067799062
709.5266593628919,706.6085398095222,738.9640081421113,776.8637308599854
732.1251444476892,749.2640564927822,723.2483355696145,777.8269313109001
722.8855519574204,737.0177875921926,733.214669558872,778.8049667622507
741.4757539328393,734.9628672609973,743.3489681669034,779.8146326511
755.6169269792209,740.6020130512454,722.2562257813869,780.8140124734599
753.3072201666298,748.7947500962001,757.4524266275089,781.704909758046
727.2464524030216,737.1297848525667,782.4320086293383,705.817000841268
496.81792061154636,573.6646081587571,316.9878388334992,723.293738636894
382.7069897738143,174.0415417152696,363.1054966795465,734.8252619241059
526.7886662974907,508.1980989658791,751.4961148306392,250.69894627773132
20.263915600564935,0.16806999999999994,611.7172846360598,19.91633114317891
1.0,1.0,1.0,1.0
1.0,1.0,1.0,1.0
1.0,1.0,1.0,1.0
793.0676275239096,769.821696080347,761.7512587878023,780.7570447341838
792.558751530378,776.9205478096671,774.7042047933109,768.3090323163105
792.0372305959697,758.5025503895079,755.0480821526564,756.6053003852054
772.1669063418474,310.2808419068186,388.3802923573538,114.96772675632855
404.42891059955673,0.7,1.0,1.0
1.0,0.48999999999999994,1.0,1.0
1.0,0.48999999999999994,1.0,0.7
1.0,1.0,1.0,1.0
331.7454935525953,441.0344564049814,356.0752798305748,708.645082655048
701.6157355332648,715.0305248856195,741.6198152101151,704.9816891700931
717.920188221357,334.9172224863703,414.2768220493428,3.9600929482517397
1.0,83.24272421168422,1.0,8.576961130780363e-22
1.0,1.0,1.0,1.0
4.834081457249783e-47,1.0,1.0,1.0000000000000004
1.0,1.0000000000000107,1.0,634.6193980050786
318.2328124470554,702.3479265378834,228.21497712280438,357.489536958975
693.2714965816206,711.1892396019462,699.2623940514615,705.9090931741673
1.0,1.0,1.0,1.0
2.0593283675003645e-22,2.850375537573899e-24,1.0,1.0
1.0,9.515498900405416e-38,1.0,1.0
1.0,5.843416508321683e-35,1.0,1.0
1.0,2.4227792310805028e-23,1.0,1.3966840134112104e-24
1.0,1.0,1.0,1.0
6.031041584360651e-33,454.6343807807108,1.0,1.0
1.0,90.37234807021083,1.0,1.0
1.0,1.0,1.0,1.0
1.0,1.0,1.0,1.0461838291314224e-31
1.0,1.0,1.0,1.0
1.0,1.0,1.0,1.0
104.27900799679341,375.218284014606,1.0,149.0735955322193
195.83433681234487,352.03394993099243,305.8471322903911,698.54910178397
692.5789738888507,688.7139101320981,701.2815950555184,675.0762207936148
700.3720477428144,375.0340729069301,366.4056781242308,506.87152497050704
1.0,1.0,1.0,1.0
0.000797922662976119,1.0,1.0,1.0
1.0,1.0,1.0,32.542623170591085
1.0000000000157834,1.0,200.61528104864232,91.40659713908406
70.9232840116689,136.3529654858271,733.5291842477343,483.1401798363655
1.0,1.0,1.0,1.0
1.0,1.0,1.0,1.0
1.0,1.0,1.0,1.0
1.0,1.0,1.0,1.0
1.0,1.0,1.0,1.0
1.0,1.0,1.0,1.0
1.0,1.0,1.0,1.0
1.0,1.0,1.0,1.0
1.0,1.0,1.0,1.0
1.0,1.0,1.0,1.0
1.0,1.0,1.0,1.0
1.0,1.0,1.0,1.0
1.0,1.0,1.0,1.0
1.0,1.0,1.0,1.0
1.0,1.0,1.0,1.0
1.0,1.0,1.0,1.0
1.0,1.0,1.0,1.0
1.0,1.0,1.0,1.0
1.0,1.0,1.0,1.0
1.0,1.0,1.0,1.0
1.0,1.0,1.0,1.0
292.9229625836587,704.5805848736538,162.31163627278565,398.85771265071253
697.1934140870233,728.323957659908,740.1717705501404,704.1947070531717
718.3750482767082,533.2672600998796,229.40437941260785,87.27101900017075
1.0,335.6230413163988,1.0,1.0414709530383196e-20
1.0,1.0,1.0,1.0
1.9507262333184492e-48,1.0,1.0,1.0000000000000036
1.0,1.0,1.0,386.38641540908895
217.24828825489863,457.10344008797495,554.9705241027273,708.8744641748444
704.2092617195472,711.7715609870637,702.5774385449831,704.7300460518467
1.0,1.0,1.0,1.0
1.0,1.0,1.0,1.0
1.0,1.0,1.0,1.0
1.0,1.0,1.0,1.0
1.0,1.0,1.0,1.0
1.0,1.0,1.0,1.0
280.44816664658293,705.3176151130206,224.14491402021812,140.04333250383775
622.6146074958529,1.0,1.0,33.90760628389899
475.07130302949486,1.0,1.0,1.0
1.0,1.0,1.0,6.031041584360651e-33
1.0,1.0,1.0,1.0
1.0,1.0,1.0,1.0
5.1728057756493064e-133,1.0,1.0,525.1234014785217
318.45873798141315,515.9992535212043,463.24791659942207,700.9934673655227
696.2196771111919,697.9180582526285,701.2532862637272,671.1371348534209
133.050861757695,232.50514470565605,691.3056274023114,235.79292917818822
1.0,1.0,1.0,1.0
0.05764800999999997,0.0005585458640832833,1.0,1.0
1.0,0.002326305139872068,1.0,1.0
1.0,0.0005585458640832833,1.0002240402543794,1.0
1.0,0.009688901040699992,315.38459794250144,0.04035360699999998
1.0,1.0,1.0,1.0
1.2646248057153232e-177,1.0,7.558442911508885e-188,141.08819120677057
1.0,102.90305304393864,1.5425408162528658e-266,508.16433980275457
343.301806629372,407.86076182089096,545.977342621827,690.8784497890097
656.9748377889034,699.5490505494496,688.0206971756356,683.9098055110626
699.4357389666957,688.0465515773062,685.7911066576648,680.9721126605868
699.3214700369049,688.0505601877595,676.775654879511,670.6138864961705
699.1692104631261,680.6058639289985,684.226024483941,679.6110181212767
699.0156214029587,683.0858834223534,672.227932010286,688.2110729725509
698.8620358748865,671.2463145468437,686.4580336054751,670.111592250247
698.7337461613104,691.5492458381832,685.3420830139519,678.0200295489551
698.5269976239914,667.93819201061,677.4174666339322,666.5352699820289
698.3469137143335,682.3567080392635,659.3758811172582,680.5360619814647
698.1586911324251,679.8877089027043,687.7690139470874,673.4352787271494
697.9620562340115,679.8180912702285,679.0236212455051,686.9917835080811
697.7569945936026,673.4984523228521,672.0318505559959,684.5918279830074
697.5494774438865,674.9780848376141,675.898361268667,672.6361053838297
694.2459240160033,537.8435123160841,524.8605794553945,371.06895086364887
541.3605910411145,1.0,61.235084384545225,1.0
1.0,1.0032570223079487,1.782303009821152e-223,3.2054096585685977e-231
1.0,1.0,1.0,1.0
436.3431372983348,364.2954961574261,452.0459677056481,719.2538643962649
703.1451602792022,708.1052825669481,739.1549188864408,701.9318603261361
363.8469158753717,112.74243587451365,709.2846664989132,245.19438276212452
581.5976292614503,1.0,1.0,52.811066449347365
1.0,1.0,1.0,1.0
3.0500986272053135e-31,2.433742818959469e-34,1.0,1.0
1.0,2.3686999140523934e-47,1.0,480.29889000071876
192.1882234483868,403.93215288104363,398.3340282835999,700.6668706718847
698.7669970540974,704.558139372748,705.2066475409844,712.2723460567364
707.3051876422256,705.8802357134266,701.6904359072339,712.8136471027682
700.6619958490843,703.1835965550847,697.142936933633,713.4000073689052
705.787967778101,700.6273835928972,707.3136371882013,714.0265881893085
703.7152460227771,692.0510300773963,703.1131244250125,714.6887717214167
706.3802912345205,705.2149383088197,705.4181821592055,715.3802152573166
707.0156114773204,704.0310069578506,705.0096978518047,716.1436898815127
704.452723466752,716.9502255018715,694.7484571232555,702.4906631050861
711.1130048740991,284.20766939319424,426.7606074179872,130.0522668024659
1.0,1.0,305.58407406418826,1.0
1.0,1.0,1.0,3.963139900210503e-37
1.0,1.0,1.0,1.0
1.0,1.0,1.0,1.0
9.558567507052022e-128,1.0,1.0,1.0
1.0,366.40457481331373,694.0689866028653,186.79738613783147
679.3947829618763,696.5082025337429,701.2273879411126,671.7354907667722
437.1310551840512,696.2124843531201,524.0580078626649,290.41738736173977
1.0,1.0,1.0,1.0
1.0,1.0,1.0,1.0
1.0,1.0,1.0,1.0
1.0,1.0,1.0,1.0
1.0,1.0,1.0,1.0
1.0,1.0,1.0,1.0
4.357296011636912e-268,1.0,1.0,1.0
1.0,1.0,1.0,416.7976506444938
123.54415074117706,302.71282189037834,667.2012917793871,412.5942107433258
637.4310251460839,699.6459066851089,691.856220157172,660.5941514157496
1.0,1.0,1.0,1.0
1.0,1.0,1.0,1.0
1.0,1.0,1.0,1.0
1.0,1.0,1.0,1.0
1.0,1.0,1.0,1.0
1.0,1.0,1.0,1.0
1.0,1.0,1.0,1.0
1.0,1.0,1.0,1.0
1.0,1.0,1.0,1.0
1.0,1.0,1.0,1.0
1.0,1.0,1.0,1.0
679.9932311334751,664.7577628359295,697.3306299603784,635.6620163998371
470.0477697330001,435.9716676688274,676.8714371702209,290.78649791292355
1.0,178.1427285380431,397.03417530679513,1.007798304113869
1.0365906712600435,1.0,1.0,5e-324
1.0,1.0,1.0,1.0
443.0968899545571,221.50604891679757,351.2000815328962,710.9537727140892
701.4100585433266,704.0134242976687,737.9684120085116,696.9029004390939
313.3058363691604,708.2899943255825,394.9517278465861,364.7977215390719
576.9652343678769,1.0,32.001695692547784,8.576961130780363e-22
1.0,1.0,1.0,1.0
1.0,1.0,1.0,1.0
1.0,1.0,1.0,1.0
1.0,1.0,1.0,1.0
1.0,1.0,1.0,1.0
1.0,1.0,1.0,1.0
1.0,1.0,1.0,1.0
1.0,1.0,1.0,1.0
1.0,1.0,1.0,1.0
1.0,1.0,1.0,1.0
1.0,1.0,1.0,1.0
707.0815348274575,717.6780386685612,699.751063671212,698.9609158062564
113.8148921029166,317.7401651713525,704.5930074643151,5.89073412980203
1.0,1.0,73.15512736595849,1.0
1.0,1.0,1.0,1.7583211616211815e-32
1.0,1.0,1.0,1.0
1.0,1.0,1.0,1.0
84.76999326483212,1.0,1.0,381.62028864988605
127.4819047432989,677.7822603342474,315.7892741545174,511.39576724705944
659.8034588862583,690.1222064026493,701.2113858614957,700.158553778112
701.1794117325503,676.4580741602458,675.7176448813469,693.6036833614008
701.1584737757589,697.154472483265,694.2618865498899,691.7018776512443
701.1389210439316,700.3352090265297,697.3107720495162,693.9390580643741
374.6819610833625,700.3607080356496,425.2444462150862,289.94328624201194
513.7116294144402,1.0,7.389722536641867e-133,1.0
1.0,1.0,1.4350373618417367e-90,1.5286714967451214e-86
1.0,1.0,1.0,1.0
7.290317181294234e-258,1.0,1.0,1.0
1.0,1.0,1.0,1.000033378072802
1.000000000010529,206.6720214901224,112.68554089067423,697.4241032476283
690.8396540201245,699.7487924692695,680.5669040763792,680.601793085678
1.0,1.0,1.0,1.0
5.738842338174775e-149,1.0,6.751690622439238e-150,1.0
1.0,1.0,5.712995209623516e-217,1.0
1.0,1.0,7.90752074743362e-219,1.0
1.0,1.0,4.7261878678112376e-229,1.0
1.0,1.0994544818464503e-152,8.46158523340665e-147,1.0
1.0,1.0,1.680704728367342e-238,1.0
1.0,1.0,9.645281362880079e-229,1.0
1.0,1.0,3.09169910604226e-222,1.0
1.0,1.0,1.4744439043531765e-156,1.0321107330472234e-156
1.0,1.0,1.0,1.0
655.3343649466916,673.6233925052692,697.0807901221175,681.2556546051833
696.752400195443,678.9104203141021,646.7482228156092,652.9647953819936
112.9233507807687,677.064680230136,63.60186543615988,1.0
1.0,1.000000033778121,1.0,5e-324
1.0,1.0,1.0,1.0
577.8244017473712,323.21376463511723,476.9887794928861,717.7299769540764
705.6470218296034,716.7745645590556,736.6089826900164,714.0484808722057
723.7653919125642,629.1118871949052,622.2542856683742,563.8934384875488
709.3922105370108,413.7914714796002,328.7746880775618,289.9119956596907
702.9157327260099,135.2342943907496,361.0784728754084,98.67978007906059
357.8621564306277,2.8375350918000927e-13,3.33833166015189e-14,1.0
1.0,1.6357825134744258e-14,5.79088794244917e-13,1.0
1.0,9.136595574408978e-18,3.927513814852095e-15,1.0
1.0,6.812921755412021e-14,6.812921755412021e-14,1.0
1.0,1.3471372384942682e-15,4.620680728035338e-16,1.0
1.0,4.620680728035338e-16,5.79088794244917e-13,1.0
1.0,5.79088794244917e-13,9.732745364874318e-14,1.0
1.0,2.8375350918000927e-13,8.272697060641671e-13,1.0
1.0,2.1838143759917906e-07,0.00039098210485829826,1.2993481144712271e-06
1.0,1.0,1.0,1.0
705.6657431580393,718.5917513627496,697.3404997544944,685.124996434886
125.37597956765815,697.3270779941412,363.2247429366577,16.627236963973555
1.0,101.2375981838729,1.0,1.0
1.0,1.0,1.0,4.812304761512762e-36
1.0,1.0,1.0,1.0
1.0,1.0,1.0,1.0
6.690997254936414e-128,1.0,1.0,1.0
1.0,12.77410994992263,1.0,694.092083469223
474.90517969358586,116.00943369239369,700.8804499870523,541.2300667472714
693.8092394359653,360.1840333134214,264.9352716033573,474.0317359139515
1.0,1.0,1.0,1.0
695.4479602558539,698.9231646518114,701.126008772222,694.0419460275493
701.1097305734288,698.923099066137,689.495004003185,686.7868641733676
697.7805368873034,354.0407824835354,31.189076440413245,67.04684898769915
384.14769939363896,1.0,1.0,1.0556746480916954e-132
1.0,1.0,1.0,1.0
5.2909149997473286e-267,1.0,1.0,1.0
1.0,1.721151578171346,1.0,425.63015203107204
87.04398662938138,677.363545651933,233.82596734279701,181.7659203769986
647.7521332803879,699.8400154517686,676.6075439928555,679.831513406768
1.0,1.0,1.0,1.0
3.077771539587683e-211,1.0,1.0,1.0
1.0,1.0,1.0,1.0
1.0,1.0,1.0,1.0
1.0,1.0,1.0,4.279309526580585e-224
1.0,1.0,1.0,1.0
1.0604527933724949e-222,1.0,1.0,1.0
1.0,1.0,1.0,1.0
1.0,1.0,1.0,1.0
1.0,1.0,1.0,6.968485822751541e-227
1.0,1.0,1.0,1.0
465.16212806623855,214.95810162314524,691.346748415639,374.69552334908445
642.8844381449957,667.0052688425775,696.5196520789361,657.2862043437871
692.679058472469,389.8846535325862,472.98442398000054,367.6097775026112
565.1126727949292,1.0,1.0,5e-324
1.0,1.0,1.0,1.0
405.44662132858264,113.76549136393213,500.6431196131862,712.2015486747388
703.926954593786,704.2417402819312,735.3029972949098,707.9245780494692
733.7296411209793,675.9646147834694,699.7003626566744,712.2397297316055
732.593892027977,711.4186281998317,701.4789063497224,710.5841483646491
731.8251031175962,715.6804171866642,695.0697072164368,705.89406377207
1.0,1.0,1.0,1.0
1.0,1.0,1.0,1.0
1.0,1.0,1.0,1.0
1.0,1.0,1.0,1.0
1.0,1.0,1.0,1.0
1.0,1.0,1.0,1.0
1.0,1.0,1.0,1.0
1.0,1.0,1.0,1.0
1.0,1.0,1.0,1.0
1.0,1.0,1.0,1.0
705.9827245128188,719.3626288398498,708.5854223193168,706.3525520719166
712.1317597633839,532.1516036081938,506.1368261347968,255.39424361392793
495.42555366566717,38.23576429217787,10.192492328253975,1.0
1.0,1.0,1.0,2.004291862354337e-35
1.0,1.0,1.0,1.0
1.0,1.0,1.0,1.0
5.08022337150586e-89,5.610739282831816e-94,1.0,1.0
1.0,1.371688863493021e-138,1.0,79.87613157797313
1.0,2.087413713578822e-134,1.0,313.5858771322778
1.0,101.74265908206358,566.7031904550361,92.76339037929661
1.0,1.0,1.0,1.0
477.4295918441461,501.4933181629472,516.4061939345391,700.9787089862411
699.8153846894082,691.8739294882366,701.0875999900177,698.3399388366274
700.4973987367748,279.19611800936764,317.506555545939,93.90665236802624
1.0,208.17937075319907,87.98367356806648,2.5461447691726244e-144
1.0,1.0,1.0,1.0
6.843770919461512e-262,1.0,1.0,1.0
1.0,1.0,193.7122132539895,1.0
54.49283484510357,519.0989553979957,271.55502522739755,694.5608312841573
671.9646266092416,699.9213198532641,678.7441544091089,685.981071334323
1.0,1.0,1.0,1.0
1.171193412229851e-227,1.0,1.0,1.0
1.0,1.0,1.0,1.0
1.0,1.0,1.0,1.0
1.0,1.0,1.0,7.696188590223201e-232
1.0,1.0,1.0,1.0
1.2532578152402698e-234,1.0,1.0,1.0
1.0,1.0,1.0,1.0
1.0,1.0,1.0,1.0
1.0,1.0,1.0,2.2437867609980183e-231
1.0,1.0,1.0,1.0
287.04872761107197,668.6270317225222,241.35017487015028,301.71605402320375
644.8518214994074,685.2815830316249,696.26035414944,643.8442485079428
243.1048643974146,673.5194292252598,218.88767090990882,23.94182332711851
1.0,1.0,244.8873127125206,5e-324
1.0,1.0,1.0,1.0
7.063496300526249e-23,1.0,1.0,601.5600896449795
147.58921410864923,107.6886500584005,724.0716032584297,454.3843956619012
705.2354072769788,54.221379426778164,513.3291481536011,365.3068320110183
526.5793873536724,543.4871052533825,720.6906671193614,424.58467953962577
705.8420821042617,714.7725744368827,730.7795202366663,721.6044605171418
729.7818877093242,703.6696160610192,709.3245225198992,714.2638696617688
728.8509746154847,710.0951893057551,709.3952890732196,706.8248383789755
727.8610189692464,706.9588199262165,708.2150146738318,712.011047744286
726.8334028435773,709.947270993897,714.7986995646968,711.5694534402044
726.0001492211068,709.2407797901333,714.4709305458799,708.7132226343783
724.9846560832614,702.4661471079805,707.0129883361516,712.8840962699036
723.9764201378805,706.6901477053982,711.9111308377472,706.9747971589118
723.0213057132405,712.2229818521002,701.6652190890736,703.7138706763346
722.0663099590481,707.3752210383952,709.1116815088536,711.2958733358812
721.1639073049627,706.1444804156025,701.4391478465949,703.7562781087805
720.2773638754462,702.4813757530445,706.4748511652068,696.3695672256241
706.1060576363416,3.5884105339207787e-32,365.4627958348465,18.985996142166172
268.83317969727045,37.23576429217787,1.0,1.0
1.0,5.817092933824285e-24,1.0,4.944447410368374e-23
1.0,1.0,1.0,1.0
1.0,1.0,1.0,1.0
1.0,1.0,1.0,1.0
1.0,1.0,1.0,1.0
1.0,1.0,1.0,1.0
1.0,1.0,1.0,1.0
1.0,1.0,1.0,1.0
663.5325199232677,700.4357629618046,693.6811523011215,701.0596844248495
695.965534819668,689.2445239370096,701.0705262214659,680.244625267864
695.782887089245,206.0064421904879,224.8775703663475,300.16326274253225
507.20813103673584,1.0,1.0,4.036372236448926e-09
1.0,1.0,1.0,1.0
3.5884206293114956e-269,1.0,1.0,5.518779170178811
1.0,266.15419011177545,1.0,1.0
66.62096915268299,687.2865239236638,279.6384635973894,367.8155695414042
671.9953546666504,699.9986288249688,693.7856020489228,667.4471889099476
1.0,1.0,1.0,1.0
1.0652515663033855e-233,1.0,1.0,1.0
1.0,1.0,1.0,1.0
1.0,1.0,1.0,1.0
1.0,1.0,1.0,1.680704728367342e-238
1.0,1.0,1.0,1.0
8.733284748123644e-224,1.0,1.0,1.0
1.0,1.0,1.0,1.0
1.0,1.0,1.0,1.0
1.0,1.0,1.0,2.712279616369731e-219
1.0,1.0,1.0,1.0
420.36320285658735,505.48574626771256,467.3934517735071,687.7439203338841
659.2529009008731,631.6850907731772,696.0238997549608,683.1713162340454
692.397511544122,418.2738576641199,498.3222656821115,15.60441338831815
1.004156162514786,1.0,73.22882793437834,0.013076743776411359
1.0,1.0,1.0,1.0
1.5355876181909163e-18,1.0,407.5722447684677,1.0
240.87334513897173,1.0,1.0,1.0
27.671019929869246,1.0,178.40459808926053,31.598007614950966
10.179402284485288,1.0,667.5090513875084,17.99808975424567
1.0,1.0,1.0,1.0
1.0,1.0,1.0,1.0
1.0,1.0,1.0,1.0
1.0,1.0,1.0,1.0
1.0,1.0,1.0,1.0
1.0,1.0,1.0,1.0
1.0,1.0,1.0,1.0
1.0,1.0,1.0,1.0
1.0,1.0,1.0,1.0
1.0,1.0,1.0,1.0
1.0,1.0,1.0,1.0
1.0,1.0,1.0,1.0
1.0,1.0,1.0,1.0
1.0,1.0,1.0,1.0
1.0,1.0,1.0,1.0
1.0,1.0,1.0,1.0
1.0,1.0,1.0,1.0
1.311135600931476e-107,1.0,1.6959470521741594e-102,1.0
1.0,1.0,2.9955138594838997e-145,438.38626562443005
214.3221581586165,418.9409552116481,351.1376718970362,699.221100251861
675.6015765959943,698.6857146138742,691.0234165090974,701.0190621049798
696.7438551353287,697.0003547430413,697.8286743321838,701.0307489586539
700.2996217108908,654.9829431683713,701.0434319093439,684.6155758080863
401.59849554882896,223.61362724566106,700.093141896268,177.61658096480915
217.36473650852668,1.0,477.81401952390837,1.0
1.71010724588903,1.0,1.0,4.558524076355842e-141
1.0,1.0,1.0,1.0
2.2743856380071863e-264,1.0,1.0,1.0
1.0,1.0,1.0,555.7750883107655
206.20617706550757,514.8597442967213,508.8827051478056,698.9895295224869
688.5987675144042,700.0743854116789,684.5654945754559,683.1983390199687
1.0,1.0,1.0,1.0
7.257468765171388e-168,3.219911794919931e-163,1.0,1.0
1.0,3.754144113959151e-221,1.0,1.0
1.0,1.84785488051259e-232,1.0,1.0
1.0,1.0000018755538876e-158,1.0,4.579152360876513e-152
1.0,1.0,1.0,1.0
4.855965804744213e-216,1.0,1.0,1.0
1.0,1.0,1.0,1.0
1.0,1.0,1.0,1.0
1.0,1.0,1.0,3.414558053148255e-227
1.0,1.0,1.0,1.0
367.47369815861765,668.9850273894095,227.68386322001126,332.394456057237
647.8532633017516,637.2455465266069,695.729442522791,639.5954361049162
291.44904189822023,396.2948343448129,663.632627785372,68.8639845179177
217.03666871851456,1.0,1.0,5e-324
1.0,1.0,1.0,1.0
1.8066034769254308e-19,1.0,1.0,1.0
1.0,1.0,39.525960800332705,1.0
1.0,1.0,1.0,1.0
1.0,1.0,1.0,6.196649925854227e-20
1.0,1.0,1.0,1.0
3.8053292688084046e-17,1.0,4.620680728035338e-16,1.0
1.0,1.0,1.4878156471975996e-20,1.0
1.0,1.0,4.2027109540823773e-22,1.0
1.0,1.0,8.310132762606122e-24,1.0
1.0,1.0,3.3534383162003156e-25,1.0
1.0,3.8053292688084046e-17,1.0749113327336414e-18,1.0
1.0,2.193696597415595e-18,2.3368321621063228e-14,1.0
1.0,9.429960669459876e-16,6.600972468621913e-16,1.0
1.0,5.610734021217279e-15,1.3471372384942682e-15,1.0
1.0,3.2344765096247365e-16,1.6357825134744258e-14,1.0
1.0,1.0,3.1338522820222786e-18,1.0
1.0,1.0,1.750400230771503e-21,1.0
1.0,1.0,2.941897667857664e-22,1.0
1.0,1.0,1.9862745642600648e-13,2.4118650322570472e-12
1.0,1.0,1.0,1.0
1.0,1.0,1.0,1.0
1.0994544818464503e-152,1.0,1.0,1.0
1.0,1.0,1.0,346.37931222392086
160.09416634997024,392.7665962284883,689.8926207203513,328.89722123848185
678.7629361280669,699.0370497116817,701.0067773740376,693.928820314197
1.0,1.0,1.0,1.0
390.26489555314765,76.56509273994592,682.2562085983964,224.08487030613736
193.19061060660368,1.0,512.2956509980206,1.0
1.0,1.0,20.327487684234757,1.0
1.0,1.0,1.0,3.8746815326571787e-140
1.0,1.0,1.0,1.0
3.4767852369805465e-271,1.0,1.0,1.0
1.0,1.0,1.0,147.55508199225363
1.0,208.51811409790974,687.459652762615,30.990155400797207
656.1082688700922,700.1474097142182,682.0611363022474,680.0721794786691
1.0,1.0,1.0,1.0
1.0,1.0,1.0,1.0
1.0,1.0,1.0,1.0
1.0,1.0,1.0,1.0
1.0,1.0,1.0,1.0
1.0,1.0,1.0,1.0
4.0171934039483886e-228,488.6950003249566,1.0,1.0
1.0,1.0,1.0,1.0
1.0,1.0,1.0,1.0
1.0,1.0,1.0,3.0090720143918874e-235
1.0,1.0,1.0,1.0
495.62830217058104,425.536630804993,524.087866716204,686.7329326126707
657.9748622577096,676.2363517886392,695.4020665068381,652.9426069979174
682.0135586932103,218.89668390455043,206.2978293837774,27.969158893192727
205.60755799441293,1.0,1.0,5e-324
1.0,1.0,1.0,1.0
6.003872791546254e-22,1.0,1.0,1.0
1.0,1.0,1.0,1.0
1.0,1.0,1.0,1.0
1.0,1.0,1.0,8.310132762606122e-24
1.0,1.0,1.0,1.0
1.4878156471975996e-20,1.0,1.0,1.0
1.0,1.0,1.0,1.0
1.0,1.0,1.0,1.0
1.0,1.0,1.0,1.0
1.0,1.0,1.0,5.1032076698877654e-21
1.0,1.0,1.0,1.0
1.0,1.0,1.0,1.0
1.0,1.0,1.0,1.0
1.0,1.0,1.0,1.0
1.0,1.0,1.0,1.0
1.750400230771503e-21,1.0,1.0,1.0
1.0,1.0,1.0,1.0
1.0,1.0,1.0,1.0
1.0,1.0,1.0,3.8053292688084046e-17
1.0,1.0,1.0,1.0
1.0,1.0,1.0,1.0
5.0573425919313945e-157,1.0,1.0,1.0
1.0,1.0,1.0,404.77212834562863
95.49594944694834,146.93837970496028,125.87245909652236,699.5535813750028
694.7946556493098,697.2698220764851,700.9930297634334,687.8725538908191
1.0,1.0,1.0,1.0
1.0090718463581603e-101,2.5808645301653215e-98,280.537443090862,1.0
1.0,1.782301338420837e-144,1.0,1.0
1.0,8.46158523340665e-147,1.0,1.0
1.0,8.85236533846705e-99,1.0,1.2646236197810073e-98
1.0,1.0,1.0,1.0
5.976837599275538e-169,6.395628897410429e-176,1.0,1.0
1.0,1.3966879427472477e-261,1.0,277.53429462879427
73.34793203811249,49.30319631920803,282.25321599529656,696.2175398674801
685.0310325663136,692.2243775581792,683.201182224354,700.2165966735583
687.7953755941861,672.7127742124429,675.9935518822016,700.2809031167008
679.1798741911449,679.7697669291032,690.5783469091429,700.3412747071491
682.5238614643849,695.2387763968928,668.9907723296997,700.4000201241623
689.1308287357651,681.4813628563874,680.3953738822406,700.4522844413627
692.9402867990564,687.7008746714802,682.7821287208645,700.4950286281405
681.1201094921921,700.5395938317822,678.70679143313,679.9955652562412
697.7700115936522,353.4475541165457,314.4899796433169,109.14855691902048
323.1060119159051,1.0,1.0,1.0
1.0,1.0,1.0,1.0
1.0,1.0,1.0,4.5791566550979966e-231
1.0,1.0,1.0,1.0
501.01480012018055,646.6045259786001,382.35608411088407,476.6194302665929
632.1618680476959,676.8097016687523,695.0556533069212,640.0969558247938
31.000000267201283,1.0,664.3980897444021,9.832530316857543
145.50734684243793,1.0,1.0,5e-324
1.0,1.0,1.0,1.0
9.136595574408978e-18,1.0,1.0,1.0
1.0,1.0,1.0,1.0
1.0,1.0,1.0,1.0
1.0,1.0,1.0,1.8066034769254308e-19
1.0,1.0,1.0,1.0
5.610734021217279e-15,5.4361846697262924e-17,1.0,1.0
1.0,1.0414709530383196e-20,1.0,1.0
1.0,6.196649925854227e-20,1.0,1.0
1.0,8.85235703693461e-20,1.0,1.0
1.0,1.5355876181909163e-18,1.0,1.0
1.0,4.620680728035338e-16,8.015334316024685e-15,1.0
1.0,8.272697060641671e-13,9.136595574408978e-18,1.0
1.0,3.2344765096247365e-16,4.0536215597144186e-13,1.0
1.0,3.6703368217294013e-08,1.5286700631942535e-07,1.0700690442359773e-07
1.0,1.0,1.0,1.0
8.576961130780363e-22,1.0,1.0,1.0
1.0,1.0,1.0,1.0
1.0,1.0,1.0,1.0
1.0,1.0,1.0,1.0749113327336414e-18
1.0,1.0,1.0,1.0
1.0,1.0,1.0,1.0
7.45675397135504e-155,1.0,1.0,1.0
1.0,1.0,94.38299059601759,554.7508385805223
401.6984432397386,427.7164802173545,206.08967436950755,697.1780770440787
674.6851899598483,676.2040477991209,700.9787398783217,686.8637842577834
1.0,1.0,1.0,1.0
1.0,1.0,1.0,1.0
1.0,1.0,1.0,1.0
1.0,1.0,1.0,1.0
1.0,1.0,1.0,1.0
1.0,1.0,1.0,1.0
1.0,1.0,1.0,1.0
1.0,1.0,1.0,1.0
1.0,1.0,1.0,1.0
1.0,1.0,1.0,1.0
1.0,1.0,1.0,1.0
1.0,1.0,1.0,1.0
1.0,1.0,1.0,1.0
1.0,1.0,1.0,1.0
1.0,1.0,1.0,1.0
685.4939361997519,700.5803646680835,690.8610763874867,658.0634538245973
80.17569692998929,30.03709845717649,681.981581287068,196.9065784353133
391.85186435303956,1.0,59.91308646689621,1.0
1.0004511057937695,1.0,1.0,1.0
1.0,1.0,1.0,1.5706507326986126e-231
1.0,1.0,1.0,1.0
423.556506603507,260.9790023285589,448.2929611963007,675.6359821383296
646.9749105206154,657.733003997161,694.6757787232588,674.4850564845525
687.2229165191081,238.5401598435599,1.0,64.42092004802092
202.53531695181698,1.0,1.0,12.32723387779232
1.0,1.0,1.0,1.0
8.576961130780363e-22,1.0,1.0,1.0
1.0,1.0,1.0,1.0
1.0,1.0,1.0,1.0
1.0,1.0,1.0,3.4611131872578614e-23
1.0,1.0,1.0,1.0
1.0,1.0,1.0,1.0
1.0,1.0,1.0,1.0
1.0,1.0,1.0,1.0
1.0,1.0,1.0,1.0
1.0,1.0,1.0,1.0
1.0,1.0,1.0,1.0
1.0,1.0,1.0,1.0
1.0,1.0,1.0,1.0
1.0,1.0,1.0,1.0
1.0,1.0,1.0,1.0
1.864611341716118e-17,1.0,1.0,1.0
1.0,1.0,1.0,1.0
1.0,1.0,1.0,1.0
1.0,1.0,1.0,4.3376549480979586e-20
1.0,1.0,1.0,1.0
1.0,1.0,1.0,1.0
4.2027148952859665e-101,3.2491162461176686e-106,1.0,1.0
1.0,3.4145548510589494e-148,144.0817557238506,1.0
1.0,366.7204980333821,676.3689794218423,443.48757276511935
651.8536255781464,689.6328418858257,700.9646790794513,695.7176180756686
700.9506275318894,693.1325004286606,696.1652232844476,691.3771145000859
700.936103666455,681.1694149049696,695.3733173787016,690.641636662172
700.9208564798034,690.5458913810503,693.3889938070729,695.0642795877626
700.9048468349653,691.3857833973444,691.7191010272925,696.2013677823559
700.8916600709493,696.4969593198481,687.0400337123781,697.8173675695422
700.8705584999225,695.0302687879782,694.3798626139229,696.4856100453163
700.8531203139819,687.4746139409117,694.3664969097672,696.0836288619394
700.8344462500081,661.3138838408113,694.9126171705005,697.1455281296919
700.8134857138832,697.529975826856,690.8627576092672,691.798799118327
700.7910037378874,672.7234255261421,693.592196310052,689.6922641730677
700.7668539391284,692.6059713082971,690.7147092863088,698.1816885020443
700.7407736672915,695.554115792492,682.7291197094357,689.140855887895
700.718793197255,690.9726700391486,682.5432494939232,693.7385608739016
700.6827407464538,693.7399166502138,685.7235448682085,690.82445893438
700.6508664625977,669.6614049328088,694.7303479207611,692.6461851512834
700.6171343666566,692.5827622797168,687.864091266147,645.4235646251904
672.5812333238641,342.4750415523323,322.472323014777,154.28345777324347
301.0592499522044,3.8746851662424734e-219,51.32995118678755,1.0
1.0,4.2600319818497027e-213,1.0,1.0
1.0,2.9154573631308684e-158,1.0,1.4678017911471105e-145
1.0,1.0,1.0,1.0
381.41602627723137,407.24977613074464,441.35368888926064,689.3105129652834
659.7801746197282,659.4586596997269,694.2708220700491,661.9557176656384
306.0158058882074,687.6810792135441,279.05490625933123,379.54262138123386
1.0,531.9174062571707,1.0,5e-324
1.0,1.0,1.0,1.0
8.015334316024685e-15,8.015334316024685e-15,1.0,1.0
1.0,3.5722453689214354e-21,1.0,1.0
1.0,1.750400230771503e-21,1.0,1.0
1.0,1.4415298572502551e-22,1.0,1.0
1.0,1.0045252112690745e-11,1.9862745642600648e-13,1.0
1.0,2.663730488165883e-17,2.8375350918000927e-13,1.0
1.0,5.610734021217279e-15,8.272697060641671e-13,1.0
1.0,3.2344765096247365e-16,2.3368321621063228e-14,1.0
1.0,1.145047759432098e-14,1.6357825134744258e-14,1.0
1.0,5.610734021217279e-15,2.193696597415595e-18,1.0
1.0,1.3471372384942682e-15,1.0749113327336414e-18,1.0
1.0,1.3903921949820454e-13,1.9862745642600648e-13,1.0
1.0,3.927513814852095e-15,1.435036016098678e-11,1.0
1.0,2.8375350918000927e-13,4.0536215597144186e-13,1.0
1.0,9.732745364874318e-14,3.33833166015189e-14,1.0
1.0,9.136595574408978e-18,1.0,1.0
1.0,2.0593283675003645e-22,1.0,1.0
1.0,3.5722453689214354e-21,1.0,1.0
1.0,8.272697060641671e-13,1.0,8.538323413450814e-11
1.0,1.0,1.0,1.0
1.0,1.0,1.0,1.0
1.0,1.0,1.0,1.0
1.0,1.0,1.0,1.0
1.0,1.0,1.0,1.0
1.0,1.0,1.0,1.0
1.0,1.0,1.0,1.0
1.0,1.0,1.0,1.0
1.0,1.0,1.0,1.0
1.0,1.0,1.0,1.0
1.0,1.0,1.0,1.0
1.0,1.0,1.0,1.0
1.0,1.0,1.0,1.0
1.0,1.0,1.0,1.0
1.0,1.0,1.0,1.0
1.0,1.0,1.0,1.0
1.0,1.0,1.0,1.0
1.0,1.0,1.0,1.0
1.0,1.0,1.0,1.0
1.0,1.0,1.0,1.0
1.0,1.0,1.0,1.0
1.0,1.0,1.0,1.0
1.0,1.0,1.0,1.0
1.0,1.0,1.0,1.0
1.0,1.0,1.0,1.0
1.0,1.0,1.0,1.0
1.0,1.0,1.0,1.0
376.85581513385625,297.75683748460716,671.563750022625,405.2693802393617
642.7554128516512,621.6631625167483,693.8535200225222,673.3286353330847
693.4087249757297,659.7659290275952,672.113377887617,616.9564784115836
653.2828064030803,325.89235133516814,114.32520810500475,400.9313651950451
1.0,1.0,1.0,1.0
1.0,1.0,1.0,1.0
1.0,1.0,1.0,1.0
1.0,1.0,1.0,1.0
1.0,1.0,1.0,1.0
1.0,1.0,1.0,1.0
1.0,1.0,1.0,1.0
1.0,1.0,1.0,1.0
1.0,1.0,1.0,1.0
1.0,1.0,1.0,1.0
1.0,1.0,1.0,1.0
1.0,1.0,1.0,1.0
1.0,1.0,1.0,1.0
1.0,1.0,1.0,1.0
1.0,1.0,1.0,1.0
1.0,1.0,1.0,1.0
1.0,1.0,1.0,1.0
1.0,1.0,1.0,1.0
1.0,1.0,1.0,1.0
1.0,1.0,1.0,1.0
1.0,1.0,1.0,1.0
